{
  "ingest_chunk_size": 1000,
  "simple_form_options": [
    "dataset",
    "region",
    "temporal_resolution",
    "year",
    "months"
  ],
  "variable_defaults": {
    "populate_db": {
      "region": ["US_states_west_500k"],
      "dataset": "SSEBop",
      "year": ["2003"]
    },
    "query_db": {
      "region": "US_states_west_500k",
      "dataset": "SSEBop",
      "variable": "et",
      "temporal_resolution": "monthly",
      "months": ["01"],
      "year": "2003",
      "features": ["all"]
    }
  },
  "all_region": {
    "US_states_west_500k": "States, Western US",
    "US_counties_west_500k": "Counties, Western US",
    "Mason": "Mason Valley Fields",
    "CentralValley_15": "Central Valley Fields"
  },
  "all_dataset": {
    "SSEBop": "SSEBop"
  },
  "all_variable": {
      "SSEBop": {
        "et": "Actual ET",
        "etrf": "Fractional ET",
        "etr": "Reference ET",
        "pr": "Precipitation"
      }
  },
  "all_temporal_resolution": {
    "monthly": "Monthly",
    "seasonal": "Seasonal",
    "annual": "Annual"
  },
  "all_year": {
    "SSEBop": ["2003", "2011"],
    "MODIS": ["2003", "2011"],
    "Landsat":["1984", "2011"],
    "gridMet":["1979", "2011"]
  },
  "all_months": {
    "all": "All",
    "01": "January",
    "02": "February",
    "03": "March",
    "04": "April",
    "05": "May",
    "06": "June",
    "07": "July",
    "08": "August",
    "09": "September",
    "10": "October",
    "11": "November",
    "12": "December"
  },
  "all_features": [
    "all", "1", "2", "3"
  ],
  "ee_collection": {
    "MODIS": "asdkaklsd",
    "Landsat": "asdaks",
    "SSEBop": "al;sa"
  },
  "units": {
    "et": "mm",
    "etrf": "mm",
    "etr": "mm",
    "pr": "mm"
  },
  "db_id_region": {
    "US_states_west_500k": 1,
    "US_counties_west_500k": 2,
    "Mason": 3,
    "CentralValley_15": 4
  },
  "db_id_dataset": {
    "MODIS": 1,
    "Landsat": 2,
    "SSEBop": 3
  },
  "db_id_parameters_by_dataset": {
    "MODIS": [],
    "Landsat": [],
    "SSEBop": []
  },
  "db_id_variable": {
    "et": 1,
    "etrf": 2,
    "etr": 3,
    "pr": 4
  },
  "db_id_parameter": {
    "NDVI": 1,
    "PPT": 2,
    "ET0": 3,
    "ETR": 4
  },
  "db_query_fields": [
    "region",
    "dataset",
    "variable",
    "feat_idx"
  ],
  "var_data_by_tres":{
    "annual": ["annual"],
    "seasonal": ["seasonal"],
    "monthly": ["m01", "m02", "m03", "m04", "m05", "m06", "m07", "m08", "m09", "m10", "m11", "m12"]
  },
  "mon_len": [31, 28, 31, 30, 31, 30, 31, 31, 30, 31, 30, 31],
  "var_data": [
    "annual",
    "seasonal",
    "m01",
    "m02",
    "m03",
    "m04",
    "m05",
    "m06",
    "m07",
    "m08",
    "m09",
    "m10",
    "m11",
    "m12"
  ],
  "dataset_by_var": {
    "et": [
      "SSEBop"
    ],
    "etrf": [
      "SSEBop"
    ],
    "etr": []
  },
  "geom_meta_cols": {
        "Mason": ["OBJECTID", "STATE", "HUC8", "HUC8_NAME", "PIXELCOUNT", "AREA"],
        "US_states_west_500k": ["STATEFP", "STUSPS", "NAME", "ALAND", "AWATER"],
        "US_counties_west_500k": ["STATEFP", "COUNTYFP", "NAME", "ALAND", "AWATER"],
        "CentralValley_15": ["COUNTY", "AcresMast", "CmdtyMast", "SourceMast"],
        "US_HUC2_west": ["AREASQKM", "STATES", "HUC2", "NAME"],
        "US_HUC4_west": ["AREASQKM", "STATES", "HUC2", "NAME"],
        "US_HUC6_west": ["AREASQKM", "STATES", "HUC2", "NAME"],
        "US_HUC8_west": ["AREASQKM", "STATES", "HUC2", "NAME"],
        "US_HUC10_west": ["AREASQKM", "STATES", "HUC2", "NAME"]
    }
}